Last updated:   09/10/2021,,,,,,,,,,,,,,,,,,,,,,,,
,,,,,,,,,,,,,,,,,,,,,,,,
Countries and areas,ISO3,Population," Secured Vaccine, Before Adjustment (millions of courses) ", Adjustment (millions of courses) ,Secured Vaccine (millions of courses), Vaccine Needed to Reach 60% of Population (millions of courses) , Bilateral Deals (millions of courses) , Donations (millions of courses) , COVAX donations (millions of courses) , COVAX AMC/SFP (millions of courses) , EU Deal (millions of courses) , Other sources (millions of courses) , Domestic Supply (millions of courses) ," Secured Vaccine, Before Adjustment (% of population) ", Adjustment (% of population) , Secured Vaccine (% of population) , Vaccine Needed to Reach 60% of Population (% of population) , Bilateral Deals (% of population) , Donations (% of population) , COVAX donations (% of population) , COVAX AMC/SFP (% of population) , EU Deal (% of population) , Other sources (% of population) , Domestic Supply (% of population) 
Canada,CAN,"37,742,157",175,-19,156, -   ,174,1, -   ,1, -   , -   ,,463,-49,414, -   ,460,1, -   ,2, -   , -   ,
Italy,ITA,"60,461,828",207, -   ,207, -   ,35, -   , -   , -   ,172, -   ,,343, -   ,343, -   ,58, -   , -   , -   ,285, -   ,
New Zealand,NZL,"4,822,233",16, -   ,16, -   ,16, -   , -   ,0, -   , -   ,,336, -   ,336, -   ,335, -   , -   ,1, -   , -   ,
Australia,AUS,"25,499,881",83, -   ,83, -   ,83, -   , -   ,0, -   , -   ,,326, -   ,326, -   ,325, -   , -   ,1, -   , -   ,
Hungary,HUN,"9,660,350",31, -   ,31, -   ,4, -   , -   , -   ,28, -   ,,321, -   ,321, -   ,36, -   , -   , -   ,285, -   ,
Slovak Republic,SVK,"5,459,643",17, -   ,17, -   ,1,0, -   , -   ,16, -   ,,303, -   ,303, -   ,18,0, -   , -   ,285, -   ,
Germany,DEU,"83,783,945",254, -   ,254, -   ,15, -   , -   , -   ,239, -   ,,303, -   ,303, -   ,18, -   , -   , -   ,285, -   ,
Cyprus,CYP,"1,207,361",4, -   ,4, -   , -   ,0, -   , -   ,3, -   ,,294, -   ,294, -   , -   ,9, -   , -   ,285, -   ,
Czech Republic,CZE,"10,708,982",31, -   ,31, -   , -   ,0, -   , -   ,31, -   ,,285, -   ,285, -   , -   ,0, -   , -   ,285, -   ,
France,FRA,"65,273,512",186, -   ,186, -   , -   , -   , -   , -   ,186, -   ,,285, -   ,285, -   , -   , -   , -   , -   ,285, -   ,
Denmark,DNK,"5,792,203",17, -   ,17, -   , -   , -   , -   , -   ,17, -   ,,285, -   ,285, -   , -   , -   , -   , -   ,285, -   ,
Slovenia,SVN,"2,078,932",6, -   ,6, -   , -   , -   , -   , -   ,6, -   ,,285, -   ,285, -   , -   , -   , -   , -   ,285, -   ,
Luxembourg,LUX,"625,976",2, -   ,2, -   , -   , -   , -   , -   ,2, -   ,,285, -   ,285, -   , -   , -   , -   , -   ,285, -   ,
Croatia,HRV,"4,105,268",12, -   ,12, -   , -   , -   , -   , -   ,12, -   ,,285, -   ,285, -   , -   , -   , -   , -   ,285, -   ,
Austria,AUT,"9,006,400",26, -   ,26, -   , -   , -   , -   , -   ,26, -   ,,285, -   ,285, -   , -   , -   , -   , -   ,285, -   ,
Ireland,IRL,"4,937,796",14, -   ,14, -   , -   , -   , -   , -   ,14, -   ,,285, -   ,285, -   , -   , -   , -   , -   ,285, -   ,
Netherlands,NLD,"17,134,873",49, -   ,49, -   , -   , -   , -   , -   ,49, -   ,,285, -   ,285, -   , -   , -   , -   , -   ,285, -   ,
Malta,MLT,"441,539",1, -   ,1, -   , -   , -   , -   , -   ,1, -   ,,285, -   ,285, -   , -   , -   , -   , -   ,285, -   ,
Portugal,PRT,"10,196,707",29, -   ,29, -   , -   , -   , -   , -   ,29, -   ,,285, -   ,285, -   , -   , -   , -   , -   ,285, -   ,
Estonia,EST,"1,326,539",4, -   ,4, -   , -   , -   , -   , -   ,4, -   ,,285, -   ,285, -   , -   , -   , -   , -   ,285, -   ,
Bulgaria,BGR,"6,948,445",20, -   ,20, -   , -   , -   , -   , -   ,20, -   ,,285, -   ,285, -   , -   , -   , -   , -   ,285, -   ,
Lithuania,LTU,"2,722,291",8, -   ,8, -   , -   , -   , -   , -   ,8, -   ,,285, -   ,285, -   , -   , -   , -   , -   ,285, -   ,
Spain,ESP,"46,754,783",133, -   ,133, -   , -   , -   , -   , -   ,133, -   ,,285, -   ,285, -   , -   , -   , -   , -   ,285, -   ,
Romania,ROU,"19,237,682",55, -   ,55, -   , -   , -   , -   , -   ,55, -   ,,285, -   ,285, -   , -   , -   , -   , -   ,285, -   ,
Latvia,LVA,"1,886,202",5, -   ,5, -   , -   , -   , -   , -   ,5, -   ,,285, -   ,285, -   , -   , -   , -   , -   ,285, -   ,
Poland,POL,"37,846,605",108, -   ,108, -   , -   , -   , -   , -   ,108, -   ,,285, -   ,285, -   , -   , -   , -   , -   ,285, -   ,
Greece,GRC,"10,423,056",30, -   ,30, -   , -   , -   , -   , -   ,30, -   ,,285, -   ,285, -   , -   , -   , -   , -   ,285, -   ,
Finland,FIN,"5,540,718",16, -   ,16, -   , -   , -   , -   , -   ,16, -   ,,285, -   ,285, -   , -   , -   , -   , -   ,285, -   ,
Sweden,SWE,"10,099,270",29, -   ,29, -   , -   , -   , -   , -   ,29, -   ,,285, -   ,285, -   , -   , -   , -   , -   ,285, -   ,
Belgium,BEL,"11,589,616",33, -   ,33, -   , -   , -   , -   , -   ,33, -   ,,285, -   ,285, -   , -   , -   , -   , -   ,285, -   ,
United Kingdom,GBR,"67,886,004",186, -   ,186, -   ,186, -   , -   ,0, -   , -   ,,274, -   ,274, -   ,274, -   , -   ,0, -   , -   ,
Switzerland,CHE,"8,654,618",23, -   ,23, -   ,23, -   , -   , -   , -   , -   ,,269, -   ,269, -   ,269, -   , -   , -   , -   , -   ,
Israel,ISR,"8,655,541",22, -   ,22, -   ,22, -   , -   ,0, -   , -   ,,256, -   ,256, -   ,255, -   , -   ,1, -   , -   ,
Seychelles,SYC,"98,340",0, -   ,0, -   , -   ,0,0, -   , -   ,0,,242, -   ,242, -   , -   ,51,18, -   , -   ,173,
United States,USA,"331,002,647",800, -   ,800, -   ,800, -   , -   , -   , -   , -   ,,242, -   ,242, -   ,242, -   , -   , -   , -   , -   ,
Mauritius,MUS,"1,271,767",3, -   ,3, -   ,2,0, -   ,0, -   ,1,,242, -   ,242, -   ,138,8, -   ,7, -   ,89,
Chile,CHL,"19,116,209",43, -   ,43, -   ,43, -   , -   ,1, -   , -   ,,227, -   ,227, -   ,224, -   , -   ,3, -   , -   ,
Korea,KOR,"51,269,183",106, -   ,106, -   ,104,1, -   ,1, -   , -   ,,207, -   ,207, -   ,203,2, -   ,2, -   , -   ,
Iceland,ISL,"341,250", -   ,1,1, -   , -   , -   , -   , -   , -   , -   ,, -   ,189,189, -   , -   , -   , -   , -   , -   , -   ,
Malaysia,MYS,"32,365,998",55, -   ,55, -   ,52,1,0,1, -   , -   ,,169, -   ,169, -   ,162,4,1,2, -   , -   ,
Japan,JPN,"126,476,458",207, -   ,207, -   ,207, -   , -   , -   , -   , -   ,,164, -   ,164, -   ,164, -   , -   , -   , -   , -   ,
Bhutan,BTN,"771,612",1, -   ,1, -   , -   ,1,0,0, -   , -   ,,158, -   ,158, -   , -   ,96,32,30, -   , -   ,
Maldives,MDV,"540,542",1, -   ,1, -   ,0,0,0,0, -   , -   ,,154, -   ,154, -   ,65,37,22,30, -   , -   ,
Taiwan Province of China,TWN,"23,816,775",36, -   ,36, -   ,33,3, -   ,1, -   , -   ,,151, -   ,151, -   ,136,12, -   ,2, -   , -   ,
Cabo Verde,CPV,"555,988",1,0,1, -   , -   , -   ,0,0, -   ,0,,132,18,150, -   , -   , -   ,39,30, -   ,63,
Turkey,TUR,"84,339,067",120, -   ,120, -   ,120, -   , -   , -   , -   , -   ,,142, -   ,142, -   ,142, -   , -   , -   , -   , -   ,
Argentina,ARG,"45,195,777",63,1,64, -   ,49,2,0,2, -   ,10,,140,1,142, -   ,109,4,1,4, -   ,22,
Dominican Republic,DOM,"10,847,904",15, -   ,15, -   ,14,0, -   ,1, -   , -   ,,138, -   ,138, -   ,133,0, -   ,5, -   , -   ,
El Salvador,SLV,"6,486,201",8,1,9, -   ,4,1,2,2, -   , -   ,,120,15,135, -   ,57,10,23,30, -   , -   ,
Fiji,FJI,"896,444",1,0,1, -   , -   ,1,0,0, -   , -   ,,125,6,131, -   , -   ,84,12,30, -   , -   ,
Sao Tome and Principe,STP,"219,161",0, -   ,0, -   , -   , -   ,0,0, -   ,0,,128, -   ,128, -   , -   , -   ,5,30, -   ,92,
Brazil,BRA,"212,559,409",334,-71,263, -   ,326,3, -   ,5, -   , -   ,,157,-33,124, -   ,153,1, -   ,2, -   , -   ,
Trinidad and Tobago,TTO,"1,399,491",2, -   ,2, -   ,1,0, -   ,0, -   ,1,,123, -   ,123, -   ,54,6, -   ,6, -   ,57,
Morocco,MAR,"36,910,558",45,1,45, -   ,33, -   ,1,11, -   , -   ,,121,1,122, -   ,89, -   ,1,30, -   , -   ,
Guyana,GUY,"786,559",1,0,1, -   ,0,0,0,0, -   ,0,,114,6,121, -   ,51,12,4,30, -   ,18,
Lesotho,LSO,"2,142,252",3,0,3, -   , -   , -   ,0,1, -   ,2,,117,2,119, -   , -   , -   ,15,30, -   ,72,
Peru,PER,"32,971,846",38,1,39, -   ,35,1,0,2, -   , -   ,,116,3,119, -   ,107,3,0,6, -   , -   ,
Philippines,PHL,"109,581,085",135,-7,129, -   ,83,3,5,33, -   ,12,,123,-6,117, -   ,75,3,4,30, -   ,10,
Sri Lanka,LKA,"21,413,250",45,-21,25, -   ,21,2,1,6, -   ,15,,211,-96,115, -   ,98,8,7,30, -   ,68,
Honduras,HND,"9,904,608",11, -   ,11, -   ,6,0,2,3, -   , -   ,,111, -   ,111, -   ,64,1,16,30, -   , -   ,
"Egypt, Arab Rep.",EGY,"102,334,403",118,-10,108, -   ,58,1,3,31, -   ,27,,115,-10,106, -   ,56,1,3,30, -   ,26,
Panama,PAN,"4,314,768",5, -   ,5, -   ,4,0, -   ,0, -   , -   ,,105, -   ,105, -   ,94,6, -   ,6, -   , -   ,
Zimbabwe,ZWE,"14,862,927",15, -   ,15, -   ,4,0, -   ,4, -   ,7,,103, -   ,103, -   ,27,2, -   ,30, -   ,45,
Thailand,THA,"69,799,978",70, -   ,70, -   ,69,2, -   , -   , -   , -   ,,101, -   ,101, -   ,98,3, -   , -   , -   , -   ,
Hong Kong SAR,HKG,"7,496,988",8, -   ,8, -   ,8, -   , -   , -   , -   , -   ,,100, -   ,100, -   ,100, -   , -   , -   , -   , -   ,
Indonesia,IDN,"273,523,621",264,3,266, -   ,175,1,5,82, -   , -   ,,96,1,97, -   ,64,0,2,30, -   , -   ,
Mexico,MEX,"128,932,753",129,-4,125, -   ,124,1, -   ,3, -   , -   ,,100,-3,97, -   ,96,1, -   ,3, -   , -   ,
Guinea-Bissau,GNB,"1,967,998",2, -   ,2, -   , -   ,0,0,1, -   ,1,,95, -   ,95, -   , -   ,0,19,30, -   ,46,
Bolivia,BOL,"11,673,030",24,-13,11, -   ,18,0,1,4, -   , -   ,,202,-107,95, -   ,157,2,13,30, -   , -   ,
Vietnam,VNM,"97,338,583",110,-20,90, -   ,76,2,3,29, -   , -   ,,113,-21,93, -   ,78,2,3,30, -   , -   ,
Ghana,GHA,"31,072,945",28, -   ,28, -   ,0,0,2,9, -   ,17,,91, -   ,91, -   ,0,0,6,30, -   ,54,
United Arab Emirates,ARE,"9,890,400",2,7,9, -   ,2, -   , -   ,0, -   , -   ,,17,72,90, -   ,16, -   , -   ,1, -   , -   ,
Suriname,SUR,"586,634",1, -   ,1, -   , -   ,0,0,0, -   ,0,,89, -   ,89, -   , -   ,64,7,7, -   ,11,
Uzbekistan,UZB,"33,469,199",30, -   ,30, -   ,18,0,2,10, -   , -   ,,89, -   ,89, -   ,54,0,5,30, -   , -   ,
Antigua and Barbuda,ATG,"97,928",0, -   ,0, -   , -   ,0, -   ,0, -   ,0,,88, -   ,88, -   , -   ,27, -   ,21, -   ,41,
Mongolia,MNG,"3,278,292",4,-1,3, -   ,2,0, -   ,1, -   ,1,,118,-31,87, -   ,46,11, -   ,30, -   ,31,
North Macedonia,MKD,"2,083,380",2,0,2, -   ,1,0, -   ,0, -   ,1,,84,3,86, -   ,41,2, -   ,7, -   ,34,
Brunei Darussalam,BRN,"437,483",0,0,0, -   ,0,0, -   ,0, -   , -   ,,75,12,86, -   ,57,6, -   ,12, -   , -   ,
Jamaica,JAM,"2,961,161",3, -   ,3, -   , -   ,0,0,0, -   ,2,,86, -   ,86, -   , -   ,8,5,6, -   ,67,
South Africa,ZAF,"59,308,690",27,24,51, -   ,22, -   ,3,3, -   , -   ,,45,40,86, -   ,36, -   ,5,4, -   , -   ,
Botswana,BWA,"2,351,625",2, -   ,2, -   ,0,0,0,0, -   ,1,,85, -   ,85, -   ,17,5,10,4, -   ,49,
Ecuador,ECU,"17,643,060",20,-6,15, -   ,13,1,0,1, -   ,6,,116,-31,85, -   ,71,6,2,6, -   ,31,
Tunisia,TUN,"11,818,618",14,-5,10, -   ,5,1,1,4, -   ,5,,123,-38,84, -   ,40,5,9,30, -   ,39,
Qatar,QAT,"2,881,060",0,2,2, -   , -   , -   , -   ,0, -   , -   ,,6,76,82, -   , -   , -   , -   ,6, -   , -   ,
Togo,TGO,"8,278,737",7, -   ,7, -   , -   ,0,0,2, -   ,4,,82, -   ,82, -   , -   ,1,2,30, -   ,48,
Mozambique,MOZ,"31,255,435",25, -   ,25, -   ,6,0,1,9, -   ,9,,81, -   ,81, -   ,18,1,3,30, -   ,30,
Tuvalu,TUV,"11,792",0,0,0, -   , -   , -   ,0,0, -   , -   ,,50,30,80, -   , -   , -   ,20,30, -   , -   ,
Costa Rica,CRI,"5,094,114",6,-2,4, -   ,5,0,0,0, -   , -   ,,109,-29,80, -   ,98,5,4,3, -   , -   ,
Rwanda,RWA,"12,952,209",10, -   ,10, -   , -   ,0,0,4, -   ,6,,80, -   ,80, -   , -   ,1,2,30, -   ,46,
Nauru,NRU,"10,834",0, -   ,0, -   , -   ,0, -   ,0, -   , -   ,,79, -   ,79, -   , -   ,46, -   ,33, -   , -   ,
Singapore,SGP,"5,850,343",0,5,5, -   ,0, -   , -   , -   , -   , -   ,,2,77,79, -   ,2, -   , -   , -   , -   , -   ,
Dominica,DMA,"71,991",0, -   ,0, -   , -   ,0, -   ,0, -   , -   ,,79, -   ,79, -   , -   ,49, -   ,30, -   , -   ,
Lao PDR,LAO,"7,275,556",6,0,6, -   , -   ,1,1,2, -   ,1,,80,-1,78, -   , -   ,18,18,30, -   ,14,
Uruguay,URY,"3,473,727",2,0,3, -   ,2,0, -   ,0, -   , -   ,,67,11,78, -   ,54,7, -   ,6, -   , -   ,
Kosovo,KOS,"1,807,197",1, -   ,1, -   ,1, -   ,0,1, -   , -   ,,77, -   ,77, -   ,33, -   ,14,30, -   , -   ,
China,CHN,"1,439,323,774",1008,87,1095, -   ,50, -   , -   ,2, -   , -   ,956,70,6,76, -   ,3, -   , -   ,0, -   , -   ,66
Nepal,NPL,"29,136,808",35,-13,22, -   ,14,3,2,9, -   ,7,,119,-43,76, -   ,46,10,8,30, -   ,24,
Cambodia,KHM,"16,718,971",12, -   ,12, -   ,4,2,2,5, -   , -   ,,75, -   ,75, -   ,26,10,9,30, -   , -   ,
Senegal,SEN,"16,743,930",12, -   ,12, -   ,0,0,1,5, -   ,6,,74, -   ,74, -   ,1,1,5,30, -   ,38,
Norway,NOR,"5,421,242", -   ,4,4, -   , -   , -   , -   , -   , -   , -   ,, -   ,73,73, -   , -   , -   , -   , -   , -   , -   ,
Mauritania,MRT,"4,649,660",3, -   ,3, -   , -   ,0,1,1, -   ,1,,71, -   ,71, -   , -   ,1,12,30, -   ,29,
India,IND,"1,380,004,385",979,4,982, -   ,828,1, -   ,150, -   , -   ,,71,0,71, -   ,60,0, -   ,11, -   , -   ,
Samoa,WSM,"198,410",0, -   ,0, -   , -   , -   ,0,0, -   , -   ,,71, -   ,71, -   , -   , -   ,41,30, -   , -   ,
San Marino,SMR,"33,938",0,0,0, -   ,0, -   , -   , -   , -   , -   ,,11,60,71, -   ,11, -   , -   , -   , -   , -   ,
Kazakhstan,KAZ,"18,776,707",13, -   ,13, -   ,3, -   , -   , -   , -   , -   ,10,70, -   ,70, -   ,16, -   , -   , -   , -   , -   ,54
Russian Federation,RUS,"145,934,460",102, -   ,102, -   , -   , -   , -   , -   , -   , -   ,102,70, -   ,70, -   , -   , -   , -   , -   , -   , -   ,70
Macao SAR,MAC,"649,342",0,0,0, -   ,0, -   , -   , -   , -   , -   ,0,62,8,70, -   ,8, -   , -   , -   , -   , -   ,55
Cuba,CUB,"11,326,616",8, -   ,8, -   , -   , -   , -   , -   , -   , -   ,8,70, -   ,70, -   , -   , -   , -   , -   , -   , -   ,70
Bangladesh,BGD,"164,689,383",106,8,115, -   ,17,3,5,49, -   ,33,,65,5,70, -   ,10,2,3,30, -   ,20,
Bermuda,BMU,"62,273",0,0,0, -   , -   , -   , -   ,0, -   , -   ,,21,48,69, -   , -   , -   , -   ,21, -   , -   ,
Eswatini,SWZ,"1,160,164",1, -   ,1, -   , -   ,0,0,0, -   ,0,,69, -   ,69, -   , -   ,1,27,30, -   ,11,
Bahrain,BHR,"1,701,583",0,1,1, -   ,0,0, -   ,0, -   , -   ,,15,53,68, -   ,9,3, -   ,3, -   , -   ,
Belize,BLZ,"397,621",0, -   ,0, -   , -   ,0, -   ,0, -   ,0,,67, -   ,67, -   , -   ,10, -   ,20, -   ,38,
Afghanistan,AFG,"38,928,341",26, -   ,26, -   , -   ,1,3,12, -   ,10,,67, -   ,67, -   , -   ,2,9,30, -   ,26,
Andorra,AND,"77,265",0,0,0, -   , -   , -   , -   ,0, -   , -   ,,19,48,67, -   , -   , -   , -   ,19, -   , -   ,
Monaco,MCO,"39,244",0,0,0, -   , -   , -   , -   ,0, -   , -   ,,1,65,67, -   , -   , -   , -   ,1, -   , -   ,
Guatemala,GTM,"17,915,567",12, -   ,12, -   ,8,2,1,1, -   , -   ,,66, -   ,66, -   ,45,14,3,5, -   , -   ,
Djibouti,DJI,"988,002",1, -   ,1, -   ,0,0,0,0, -   , -   ,,66, -   ,66, -   ,5,15,15,30, -   , -   ,
St. Kitts and Nevis,KNA,"53,192",0, -   ,0, -   , -   ,0, -   ,0, -   ,0,,65, -   ,65, -   , -   ,19, -   ,20, -   ,26,
"Congo, Rep.",COG,"5,518,093",3,1,4, -   , -   ,0,0,2, -   ,1,,54,11,65, -   , -   ,1,6,30, -   ,17,
Myanmar,MMR,"54,409,794",35, -   ,35, -   ,17,2, -   ,16, -   , -   ,,65, -   ,65, -   ,31,4, -   ,30, -   , -   ,
Saudi Arabia,SAU,"34,813,867",2,20,23, -   ,2, -   , -   ,1, -   , -   ,,7,58,65, -   ,4, -   , -   ,3, -   , -   ,
Kuwait,KWT,"4,270,563",2,1,3, -   ,2, -   , -   ,0, -   , -   ,,47,15,62, -   ,47, -   , -   ,0, -   , -   ,
Cote d'Ivoire,CIV,"26,378,275",16, -   ,16, -   ,0,0,0,8, -   ,8,,62, -   ,62, -   ,0,0,2,30, -   ,30,
Ukraine,UKR,"43,733,759",27, -   ,27, -   ,12,1,1,13, -   , -   ,,62, -   ,62, -   ,28,1,2,30, -   , -   ,
Jordan,JOR,"10,203,140",1,5,6, -   ,1,0, -   ,0, -   , -   ,,10,51,61, -   ,6,2, -   ,2, -   , -   ,
Kenya,KEN,"53,771,300",45,-12,33, -   ,12,1,3,16, -   ,13,,83,-22,61, -   ,22,1,5,30, -   ,25,
"Congo, Dem. Rep.",COD,"89,561,404",54, -   ,54, -   , -   ,0,0,27, -   ,27,,60, -   ,60, -   , -   ,0,0,30, -   ,30,
South Sudan,SSD,"11,193,729",7, -   ,7,0, -   ,0,0,3, -   ,3,,59, -   ,59,1, -   ,0,2,30, -   ,27,
Angola,AGO,"32,866,268",19, -   ,19,1,3,0,0,10, -   ,6,,58, -   ,58,2,9,1,1,30, -   ,17,
Zambia,ZMB,"18,383,956",10, -   ,10,1, -   , -   ,1,6, -   ,4,,57, -   ,57,3, -   , -   ,3,30, -   ,24,
Guinea,GIN,"13,132,792",7, -   ,7,0,0,0,0,4, -   ,3,,57, -   ,57,3,1,2,4,30, -   ,20,
West Bank and Gaza,PSE,"5,101,416",3, -   ,3,0,1,0,0,2, -   , -   ,,56, -   ,56,4,20,1,5,30, -   , -   ,
Solomon Islands,SLB,"686,878",0, -   ,0,0, -   ,0,0,0, -   , -   ,,55, -   ,55,5, -   ,8,17,30, -   , -   ,
Timor-Leste,TLS,"1,318,442",1, -   ,1,0, -   ,0,0,0, -   , -   ,,55, -   ,55,5, -   ,5,20,30, -   , -   ,
"Gambia, The",GMB,"2,416,664",1, -   ,1,0, -   , -   ,0,1, -   ,0,,54, -   ,54,6, -   , -   ,13,30, -   ,11,
"Iran, Islamic Rep.",IRN,"83,992,953",45, -   ,45,5,38,1,2,3, -   , -   ,,54, -   ,54,6,46,2,2,4, -   , -   ,
Kiribati,KIR,"119,446",0, -   ,0,0, -   , -   ,0,0, -   , -   ,,53, -   ,53,7, -   , -   ,23,30, -   , -   ,
Moldova,MDA,"4,033,963",2, -   ,2,0,0,0,0,1, -   ,0,,52, -   ,52,8,5,7,7,30, -   ,3,
Cameroon,CMR,"26,545,864",14, -   ,14,2, -   ,0,0,8, -   ,5,,52, -   ,52,8, -   ,0,1,30, -   ,20,
Nigeria,NGA,"206,139,587",106, -   ,106,18, -   ,1,3,62, -   ,40,,51, -   ,51,9, -   ,0,2,30, -   ,19,
Oman,OMN,"5,106,622",1,2,3,0,0,0, -   ,0, -   , -   ,,10,40,51,9,4,1, -   ,6, -   , -   ,
Azerbaijan,AZE,"10,139,175",3,2,5,1,3,0, -   ,0, -   , -   ,,31,20,50,10,26,1, -   ,4, -   , -   ,
Liberia,LBR,"5,057,677",3, -   ,3,0, -   ,0,0,2, -   ,1,,50, -   ,50,10, -   ,0,8,30, -   ,12,
Colombia,COL,"50,882,884",35,-10,25,5,28,4,0,3, -   , -   ,,70,-20,50,10,55,8,1,6, -   , -   ,
Tonga,TON,"105,697",0, -   ,0,0, -   , -   ,0,0, -   , -   ,,50, -   ,50,10, -   , -   ,20,30, -   , -   ,
Paraguay,PRY,"7,132,530",4,0,4,1,2,1,0,0, -   , -   ,,51,-1,50,10,24,17,6,4, -   , -   ,
Libya,LBY,"6,871,287",3, -   ,3,1,3,0,0,0, -   , -   ,,49, -   ,49,11,36,4,5,5, -   , -   ,
Montenegro,MNE,"628,062",0,0,0,0, -   ,0, -   ,0, -   , -   ,,10,39,49,11, -   ,3, -   ,7, -   , -   ,
Serbia,SRB,"8,737,370",4, -   ,4,1,4,0, -   ,0, -   , -   ,,49, -   ,49,11,45,1, -   ,2, -   , -   ,
Tajikistan,TJK,"9,537,642",5, -   ,5,1, -   , -   ,1,3, -   ,1,,49, -   ,49,11, -   , -   ,9,30, -   ,10,
Kyrgyz Republic,KGZ,"6,524,191",3, -   ,3,1,1,0,0,2, -   ,0,,49, -   ,49,11,10,5,2,30, -   ,2,
St. Vincent and the Grenadines,VCT,"110,947",0, -   ,0,0, -   ,0, -   ,0, -   , -   ,,48, -   ,48,12, -   ,18, -   ,30, -   , -   ,
Barbados,BRB,"287,371",0, -   ,0,0, -   ,0, -   ,0, -   , -   ,,48, -   ,48,12, -   ,28, -   ,20, -   , -   ,
Georgia,GEO,"3,989,175",1,1,2,0,1,0, -   ,0, -   , -   ,,24,24,48,12,14,8, -   ,2, -   , -   ,
Pakistan,PAK,"220,892,331",123,-20,103,29,45,2,3,66, -   ,7,,56,-9,47,13,20,1,1,30, -   ,3,
Madagascar,MDG,"27,691,019",13, -   ,13,4, -   , -   ,1,8, -   ,4,,47, -   ,47,13, -   , -   ,2,30, -   ,14,
Vanuatu,VUT,"307,150",0, -   ,0,0, -   , -   ,0,0, -   , -   ,,46, -   ,46,14, -   , -   ,16,30, -   , -   ,
Sudan,SDN,"43,849,269",20, -   ,20,7, -   ,0,1,13, -   ,5,,45, -   ,45,15, -   ,0,2,30, -   ,12,
Malawi,MWI,"19,129,955",8, -   ,8,3, -   ,0,1,6, -   ,2,,44, -   ,44,16, -   ,0,4,30, -   ,10,
Sierra Leone,SLE,"7,976,985",3, -   ,3,1, -   ,0,0,2, -   ,1,,42, -   ,42,18, -   ,1,3,30, -   ,7,
Comoros,COM,"869,595",0,0,0,0, -   , -   , -   ,0, -   , -   ,,30,11,41,19, -   , -   , -   ,30, -   , -   ,
Burkina Faso,BFA,"20,903,278",9, -   ,9,4, -   , -   ,0,6, -   ,2,,41, -   ,41,19, -   , -   ,2,30, -   ,9,
Nicaragua,NIC,"6,624,554",3, -   ,3,1, -   ,0,1,2, -   , -   ,,40, -   ,40,20, -   ,2,9,30, -   , -   ,
Gabon,GAB,"2,225,728",1, -   ,1,0, -   ,0,0,0, -   ,1,,40, -   ,40,20, -   ,2,8,2, -   ,28,
Uganda,UGA,"45,741,000",26,-9,17,10,9,0,1,14, -   ,2,,57,-20,37,23,20,0,2,30, -   ,4,
Central African Republic,CAF,"4,829,764",2, -   ,2,1, -   , -   ,0,1, -   , -   ,,37, -   ,37,23, -   , -   ,7,30, -   , -   ,
St. Lucia,LCA,"183,629",0, -   ,0,0, -   ,0, -   ,0, -   , -   ,,37, -   ,37,23, -   ,7, -   ,30, -   , -   ,
Algeria,DZA,"43,851,043",16, -   ,16,10,2,0,1,13, -   , -   ,,37, -   ,37,23,5,0,2,30, -   , -   ,
Ethiopia,ETH,"114,963,583",42,0,42,27, -   ,0,4,34, -   ,3,,36,0,36,24, -   ,0,3,30, -   ,3,
Benin,BEN,"12,123,198",4, -   ,4,3,0,0,0,4, -   ,0,,36, -   ,36,24,0,0,2,30, -   ,3,
Somalia,SOM,"15,893,219",6, -   ,6,4,0,0,1,5, -   , -   ,,35, -   ,35,25,1,1,4,30, -   , -   ,
Albania,ALB,"2,877,800",1,0,1,1,1,0,0,0, -   , -   ,,26,9,34,26,18,2,3,2, -   , -   ,
Papua New Guinea,PNG,"8,947,027",3, -   ,3,2, -   ,0,0,3, -   , -   ,,34, -   ,34,26, -   ,0,4,30, -   , -   ,
Haiti,HTI,"11,402,533",4, -   ,4,3, -   , -   ,0,3, -   , -   ,,34, -   ,34,26, -   , -   ,4,30, -   , -   ,
"Bahamas, The",BHS,"393,248",0, -   ,0,0, -   ,0, -   ,0, -   ,0,,33, -   ,33,27, -   ,3, -   ,20, -   ,10,
Niger,NER,"24,206,636",8, -   ,8,7, -   ,0,0,7, -   , -   ,,33, -   ,33,27, -   ,1,2,30, -   , -   ,
Syrian Arab Republic,SYR,"17,500,657",6, -   ,6,5, -   ,0,0,5, -   , -   ,,32, -   ,32,28, -   ,1,1,30, -   , -   ,
Tanzania,TZA,"59,734,213",19, -   ,19,17, -   , -   ,1,18, -   , -   ,,32, -   ,32,28, -   , -   ,2,30, -   , -   ,
Lebanon,LBN,"6,825,442",3,-1,2,2,2,0,0,0, -   ,1,,47,-15,32,28,23,1,3,4, -   ,16,
Chad,TCD,"16,425,859",5, -   ,5,5, -   ,0,0,5, -   , -   ,,31, -   ,31,29, -   ,1,1,30, -   , -   ,
Bosnia and Herzegovina,BIH,"3,280,815",1,0,1,1,0,0,0,0, -   , -   ,,36,-4,31,29,14,9,8,5, -   , -   ,
Mali,MLI,"20,250,834",6, -   ,6,6, -   , -   ,0,6, -   , -   ,,31, -   ,31,29, -   , -   ,1,30, -   , -   ,
"Yemen, Rep.",YEM,"29,825,968",9, -   ,9,9, -   , -   ,0,9, -   , -   ,,31, -   ,31,29, -   , -   ,1,30, -   , -   ,
"Korea, Dem. People's Rep.",PRK,"25,778,815",8, -   ,8,8, -   , -   , -   ,8, -   , -   ,,30, -   ,30,30, -   , -   , -   ,30, -   , -   ,
Burundi,BDI,"11,890,781",4, -   ,4,4, -   , -   , -   ,4, -   , -   ,,30, -   ,30,30, -   , -   , -   ,30, -   , -   ,
Eritrea,ERI,"3,546,427",1, -   ,1,1, -   , -   , -   ,1, -   , -   ,,30, -   ,30,30, -   , -   , -   ,30, -   , -   ,
Grenada,GRD,"112,519",0, -   ,0,0, -   , -   , -   ,0, -   , -   ,,30, -   ,30,30, -   , -   , -   ,30, -   , -   ,
"Micronesia, Fed. Sts.",FSM,"548,927",0, -   ,0,0, -   , -   , -   ,0, -   , -   ,,30, -   ,30,30, -   , -   , -   ,30, -   , -   ,
Marshall Islands,MHL,"59,194",0, -   ,0,0, -   , -   , -   ,0, -   , -   ,,30, -   ,30,30, -   , -   , -   ,30, -   , -   ,
Iraq,IRQ,"40,222,503",12, -   ,12,13,3,0,1,2, -   ,5,,29, -   ,29,31,8,1,1,5, -   ,13,
Equatorial Guinea,GNQ,"1,402,985",0, -   ,0,0,0,0, -   , -   , -   , -   ,,29, -   ,29,31,18,11, -   , -   , -   , -   ,
Namibia,NAM,"2,540,916",1, -   ,1,1,0,0,0,0, -   ,0,,27, -   ,27,33,5,3,2,4, -   ,13,
Armenia,ARM,"2,963,234",1, -   ,1,1,1,0,0,0, -   , -   ,,26, -   ,26,34,17,0,7,2, -   , -   ,
"Venezuela, RB",VEN,"28,435,943",7, -   ,7,10,5,0, -   ,2, -   , -   ,,24, -   ,24,36,18,1, -   ,6, -   , -   ,
Belarus,BLR,"9,449,321",0,1,2,4,0,0, -   , -   , -   , -   ,,3,15,18,42,1,2, -   , -   , -   , -   ,
Turkmenistan,TKM,"6,031,187", -   ,0,0,4, -   , -   , -   , -   , -   , -   ,, -   ,1,1,59, -   , -   , -   , -   , -   , -   ,
